seriesuid,coordX,coordY,coordZ,probability
LKDS-00012,32.3922,-90.1294,-35.4064,0.9998999834060668
LKDS-00012,-99.6054,-186.1206,48.5984,0.9998999834060668
LKDS-00012,-99.6054,-198.1098,48.5984,0.9998999834060668
LKDS-00012,92.377,-150.1142,60.6104,0.9994999766349792
LKDS-00012,-87.6162,-114.1078,-59.404,0.9987000226974488
LKDS-00012,92.377,-150.1142,0.6032,0.9983999729156494
LKDS-00012,-99.6054,-126.1358,48.5984,0.9876999855041504
LKDS-00022,-75.6554,-186.1586,521.4942,0.9998000264167786
LKDS-00022,-87.6522,-126.1378,569.5093,0.9997000098228456
LKDS-00022,68.343,-78.1506,593.5025,0.9865999817848206
LKDS-00022,-63.6586,-66.1538,605.4991,0.9786999821662904
LKDS-00022,-99.649,-234.1458,569.5093,0.9710000157356262
LKDS-00022,80.3766,-138.1346,617.4957,0.9470000267028807
LKDS-00027,-49.1487,-76.646,51.5078,1.0
LKDS-00027,-85.1613,-160.6403,15.5004,0.9998999834060668
LKDS-00027,-61.1529,-112.6586,-56.4858,0.9980999827384948
LKDS-00027,82.8273,-100.6544,39.4958,0.993499994277954
LKDS-00027,70.8582,-88.6502,-20.507,0.9922000169754028
LKDS-00027,58.854,-124.6628,-80.5098,0.9406999945640564
LKDS-00031,71.99,171.995,553.4032,0.9998999834060668
LKDS-00031,-84.005,171.995,601.384,0.9995999932289124
LKDS-00031,59.985,220.015,613.4128,0.9983999729156494
LKDS-00033,80.9834,47.4963,91.2268,1.0
LKDS-00033,80.9834,47.4963,79.2764,1.0
LKDS-00033,69.0155,47.4963,79.2764,1.0
LKDS-00033,69.0155,47.4963,91.2268,1.0
LKDS-00033,-75.0163,35.4867,67.2644,0.9894999861717224
LKDS-00033,32.9867,35.4867,31.2284,0.9419999718666076
LKDS-00037,68.0,-40.0,154.238,1.0
LKDS-00037,-112.0,-16.0,214.2582,0.9998999834060668
LKDS-00037,80.0,68.0,214.2582,0.9997000098228456
LKDS-00037,-88.0,-28.0,166.2476,0.9994000196456908
LKDS-00037,-52.0,44.0,226.24,0.9984999895095824
LKDS-00046,84.3734,-122.141,1682.3972,0.9993000030517578
LKDS-00046,84.3734,-62.157,1730.412,0.9993000030517578
LKDS-00046,-83.6554,-134.1378,1622.4178,0.998199999332428
LKDS-00046,-35.6314,-122.141,1730.412,0.9933000206947328
LKDS-00049,-56.0034,226.9936,942.808,0.9998999834060668
LKDS-00049,-80.0028,178.9948,918.784,0.9997000098228456
LKDS-00049,-91.9826,106.9966,918.784,0.9994999766349792
LKDS-00049,111.9924,143.0156,966.7984,0.9990000128746032
LKDS-00049,-32.004,167.015,882.7984,0.9959999918937684
LKDS-00049,63.9936,202.9942,1038.8032,0.968999981880188
LKDS-00049,63.9936,167.015,858.808,0.960200011730194
LKDS-00056,-88.4844,-21.9996,82.2472,1.0
LKDS-00056,-100.5124,-21.9996,82.2472,1.0
LKDS-00056,79.4808,25.996,82.2472,0.9997000098228456
LKDS-00056,-88.4844,50.0132,142.2568,0.998199999332428
LKDS-00056,-52.5168,50.0132,190.2532,0.9904999732971193
LKDS-00057,-83.6054,-68.1078,751.5152,1.0
LKDS-00057,-95.6334,-68.1078,751.5152,1.0
LKDS-00057,-83.6054,-80.1358,751.5152,1.0
LKDS-00057,-95.6334,-80.1358,751.5152,1.0
LKDS-00057,-95.6334,-68.1078,739.5102,1.0
LKDS-00057,-95.6334,-80.1358,739.5102,1.0
LKDS-00057,-83.6054,-128.1314,655.5095,0.997099995613098
LKDS-00057,84.3598,-116.1034,667.5145,0.9850000143051147
LKDS-00063,52.508,24.999,245.2526,1.0
LKDS-00063,64.481,24.999,245.2526,1.0
LKDS-00063,64.481,24.999,233.2478,1.0
LKDS-00063,64.481,12.987,245.2526,1.0
LKDS-00063,-103.492,-34.983,209.2382,0.9977999925613404
LKDS-00063,-91.519,1.014,257.2574,0.9976999759674072
LKDS-00082,-52.208,77.0112,161.5126,0.9995999932289124
LKDS-00082,-76.1976,-18.9854,137.5002,0.9976999759674072
LKDS-00082,43.7886,52.9834,65.4976,0.9908000230789183
LKDS-00087,-84.1119,-118.1348,481.4976,0.9994999766349792
LKDS-00087,-72.1355,-106.1205,553.5124,0.9973000288009644
LKDS-00087,83.8609,-130.1112,493.5096,0.9939000010490416
LKDS-00087,83.8609,-106.1205,577.5078,0.9681000113487244
LKDS-00087,-72.1355,-190.1448,577.5078,0.9592999815940856
LKDS-00094,78.8354,-137.6685,1611.1098,1.0
LKDS-00094,42.8381,-161.6778,1575.0915,0.9969000220298768
LKDS-00094,-89.1631,-125.6805,1575.0915,0.9968000054359436
LKDS-00097,-85.005,170.01,386.288,0.9993000030517578
LKDS-00097,23.005,205.99,386.288,0.9940000176429749
LKDS-00097,70.99,170.01,350.2944,0.9817000031471252
LKDS-00097,70.99,182.015,422.3112,0.954800009727478
LKDS-00098,53.8806,-101.6461,-365.11,0.9998999834060668
LKDS-00098,-30.119,-101.6461,-365.11,0.9991000294685364
LKDS-00098,-66.1508,-149.6512,-329.0975,0.9902999997138976
LKDS-00103,-83.1556,-126.1692,100.9994,1.0
LKDS-00103,-95.1618,-126.1692,100.9994,1.0
LKDS-00103,-95.1618,-138.1754,88.99,1.0
LKDS-00103,-83.1556,-138.1754,88.99,1.0
LKDS-00103,-83.1556,-138.1754,100.9994,1.0
LKDS-00103,-95.1618,-126.1692,88.99,1.0
LKDS-00103,-83.1556,-126.1692,88.99,1.0
LKDS-00103,-95.1618,-138.1754,100.9994,1.0
LKDS-00103,60.8494,-114.163,160.9868,0.9998999834060668
LKDS-00106,-66.6166,-215.6486,-45.707,1.0
LKDS-00106,-66.6166,-215.6486,-57.6904,1.0
LKDS-00106,-78.622,-215.6486,-45.707,1.0
LKDS-00106,-78.622,-143.6536,-69.7024,0.9993000030517578
LKDS-00106,77.3734,-143.6536,-69.7024,0.9991999864578248
LKDS-00106,-78.622,-131.6482,-9.6996,0.9991000294685364
LKDS-00106,77.3734,-143.6536,-9.6996,0.9984999895095824
LKDS-00124,44.8,212.1,429.194,1.0
LKDS-00124,44.8,212.1,441.196,1.0
LKDS-00124,44.8,224.1,441.196,1.0
LKDS-00124,-111.2,164.1,453.198,0.9994000196456908
LKDS-00124,-63.2,176.1,525.21,0.9990000128746032
LKDS-00131,-62.995,174.0,405.3128,0.9994999766349792
LKDS-00131,-87.005,186.005,453.2936,0.9994000196456908
LKDS-00131,-87.005,114.01,441.2984,0.9993000030517578
LKDS-00131,68.99,174.0,465.2888,0.9987999796867372
LKDS-00131,80.995,137.985,417.308,0.9983000159263612
LKDS-00132,50.8435,-122.6685,1677.5026,0.9991999864578248
LKDS-00132,-69.1475,-146.646,1797.5104,0.9977999925613404
LKDS-00132,74.821,-98.6565,1785.4841,0.997099995613098
LKDS-00139,95.499,-0.5109,112.5032,1.0
LKDS-00139,95.499,11.5149,100.4912,1.0
LKDS-00139,83.5125,-0.5109,112.5032,1.0
LKDS-00139,83.5125,-0.5109,100.4912,1.0
LKDS-00139,83.5125,11.5149,100.4912,1.0
LKDS-00139,95.499,-0.5109,100.4912,1.0
LKDS-00139,-84.495,-0.5109,160.4984,0.9998999834060668
LKDS-00139,-72.5085,35.4879,112.5032,0.9998000264167786
LKDS-00139,-36.5097,59.5002,64.508,0.9900000095367432
LKDS-00143,86.2762,-137.223,90.694,0.9968000054359436
LKDS-00143,86.2762,-89.2118,18.6935,0.9952999949455258
LKDS-00143,-57.6982,-125.2054,6.689,0.9923999905586244
LKDS-00143,-57.6982,-101.1998,78.6895,0.9851999878883362
LKDS-00143,-33.7222,-185.2046,66.7115,0.9293000102043152
LKDS-00155,46.06,223.285,469.4695,0.9998999834060668
LKDS-00155,-73.955,187.305,565.4485,0.9973000288009644
LKDS-00155,82.04,151.29,601.4665,0.9925000071525574
LKDS-00155,46.06,199.31,601.4665,0.9923999905586244
LKDS-00155,70.035,211.315,541.471,0.9829999804496764
LKDS-00158,-83.1832,32.9942,148.0004,1.0
LKDS-00158,-107.1826,-2.985,268.008,0.9991000294685364
LKDS-00158,84.8126,-39.004,219.9836,0.9986000061035156
LKDS-00158,60.8132,21.0144,171.9948,0.9932000041007996
LKDS-00159,-75.005,134.985,554.688,0.9994000196456908
LKDS-00159,-75.005,146.99,554.688,0.9994000196456908
LKDS-00159,57.015,207.015,590.7112,0.9991999864578248
LKDS-00159,-75.005,195.01,518.6944,0.9987999796867372
LKDS-00164,86.371,-102.135,-77.5043,0.9998000264167786
LKDS-00164,62.368,-198.147,-101.5056,0.9998000264167786
LKDS-00164,-57.647,-174.144,-65.4842,0.9957000017166138
LKDS-00164,-69.6296,-114.1176,-113.4868,0.9897999763488772
LKDS-00164,-45.6266,-114.1176,6.4808,0.9850999712944032
LKDS-00164,98.3536,-186.1266,-5.5004,0.9675999879837036
LKDS-00164,50.3854,-126.138,-5.5004,0.9348000288009644
LKDS-00167,-36.3951,203.4863,541.179,1.0
LKDS-00167,-36.3951,215.5067,541.179,1.0
LKDS-00167,-36.3951,215.5067,529.173,1.0
LKDS-00167,-36.3951,203.4863,529.173,1.0
LKDS-00167,-72.3821,167.4993,565.191,0.9997000098228456
LKDS-00167,95.6067,191.503,625.1865,0.9973999857902528
LKDS-00174,92.99,107.01,285.69,1.0
LKDS-00174,104.995,119.015,285.69,1.0
LKDS-00174,92.99,119.015,273.69,1.0
LKDS-00174,104.995,119.015,273.69,1.0
LKDS-00174,104.995,107.01,285.69,1.0
LKDS-00174,92.99,119.015,285.69,1.0
LKDS-00174,-63.005,95.005,273.69,0.9998000264167786
LKDS-00174,-51.0,95.005,273.69,0.9998000264167786
LKDS-00174,-75.01,191.01,333.69,0.9994000196456908
LKDS-00174,-75.01,179.005,237.69,0.9990000128746032
LKDS-00174,104.995,179.005,309.69,0.9986000061035156
LKDS-00179,-61.005,99.205,463.98,0.9998999834060668
LKDS-00179,-73.01,123.215,415.98,0.9993000030517578
LKDS-00179,-61.005,183.205,475.98,0.9991999864578248
LKDS-00179,82.985,171.2,523.98,0.9983000159263612
LKDS-00179,71.015,171.2,391.98,0.9983000159263612
LKDS-00182,98.363,-127.133,1883.0068,0.997099995613098
LKDS-00182,-81.643,-115.125,1859.0004,0.996999979019165
LKDS-00182,98.363,-127.133,1822.9908,0.9968000054359436
LKDS-00182,98.363,-199.143,1883.0068,0.989199995994568
LKDS-00199,-69.001,110.988,869.3888,0.9998999834060668
LKDS-00199,86.991,159.014,857.3832,0.960099995136261
LKDS-00199,50.99,182.99,941.388,0.9351999759674072
LKDS-00205,93.7,66.0,110.4904,1.0
LKDS-00205,105.7,6.0,110.4904,0.9998000264167786
LKDS-00205,-74.3,30.0,98.4851,0.9995999932289124
LKDS-00205,-74.3,-18.0,158.5116,0.9994999766349792
LKDS-00206,59.99,178.995,-212.8872,1.0
LKDS-00206,24.01,203.005,-272.8848,1.0
LKDS-00206,59.99,178.995,-224.8992,1.0
LKDS-00206,-71.995,178.995,-140.9088,0.9997000098228456
LKDS-00206,47.985,191.0,-152.8896,0.9995999932289124
LKDS-00206,-108.01,166.99,-236.9112,0.9991999864578248
LKDS-00206,-71.995,94.995,-200.9064,0.9990000128746032
LKDS-00209,-61.0,191.0,-446.41,0.9991999864578248
LKDS-00209,70.985,178.995,-458.41,0.9991000294685364
LKDS-00209,59.015,227.015,-362.41,0.9986000061035156
LKDS-00209,82.99,178.995,-350.41,0.9952999949455258
LKDS-00211,-79.5008,134.5104,-690.3007,1.0
LKDS-00211,-67.4865,134.5104,-690.3007,1.0
LKDS-00211,-67.4865,134.5104,-702.2899,1.0
LKDS-00211,-79.5008,134.5104,-702.2899,1.0
LKDS-00211,64.5123,194.4868,-750.3049,0.9951000213623048
LKDS-00211,-79.5008,182.5042,-762.2941,0.9936000108718872
LKDS-00211,40.5154,182.5042,-654.304,0.9890999794006348
LKDS-00215,58.015,206.01,242.0936,1.0
LKDS-00215,69.985,218.015,254.1128,1.0
LKDS-00215,58.015,218.015,254.1128,1.0
LKDS-00215,58.015,218.015,242.0936,1.0
LKDS-00215,69.985,206.01,254.1128,1.0
LKDS-00215,58.015,206.01,254.1128,1.0
LKDS-00215,69.985,218.015,242.0936,1.0
LKDS-00215,69.985,206.01,242.0936,1.0
LKDS-00215,93.995,182.0,194.0936,0.9988999962806702
LKDS-00215,81.99,98.0,182.1128,0.9901000261306764
LKDS-00215,-86.01,145.985,194.0936,0.973200023174286
LKDS-00215,-98.015,182.0,278.1128,0.9578999876976012
LKDS-00221,-79.2064,21.9852,160.0027,0.9998000264167786
LKDS-00221,-67.1908,21.9852,160.0027,0.9998000264167786
LKDS-00221,100.8044,10.0068,195.9771,0.9524999856948853
LKDS-00222,92.9015,-122.607,324.0152,1.0
LKDS-00222,80.8935,-122.607,324.0152,1.0
LKDS-00222,92.9015,-122.607,335.9843,1.0
LKDS-00222,92.9015,-134.615,324.0152,1.0
LKDS-00222,128.886,-170.5995,300.0068,0.9998999834060668
LKDS-00222,-87.1,-110.599,275.9984,0.9998000264167786
LKDS-00222,-39.1075,-122.607,324.0152,0.9987000226974488
LKDS-00222,80.8935,-110.599,239.9858,0.9965999722480774
LKDS-00222,92.9015,-194.6155,167.9957,0.9921000003814696
LKDS-00222,-39.1075,-230.6,263.9942,0.9776999950408936
LKDS-00222,80.8935,-218.6315,239.9858,0.9002000093460083
LKDS-00224,-89.357,-14.673,86.3114,1.0
LKDS-00224,-89.357,-26.643,86.3114,1.0
LKDS-00231,84.3125,92.5125,160.0038,1.0
LKDS-00231,72.3125,92.5125,160.0038,1.0
LKDS-00231,84.3125,80.5125,160.0038,1.0
LKDS-00231,72.3125,80.5125,160.0038,1.0
LKDS-00231,-83.6875,20.5125,87.9925,0.9980999827384948
LKDS-00239,103.9818,191.9814,983.5992,1.0
LKDS-00239,103.9818,180.0134,983.5992,1.0
LKDS-00239,-40.0082,84.0076,983.5992,0.9998999834060668
LKDS-00239,-40.0082,84.0076,995.5964,0.9998999834060668
LKDS-00239,-75.987,156.0026,911.616,0.9969000220298768
LKDS-00239,-52.0136,203.9868,1019.5908,0.9875000119209292
LKDS-00239,-75.987,203.9868,863.5935,0.9611999988555908
LKDS-00245,41.796,51.984,105.9864,0.9998999834060668
LKDS-00245,89.784,15.984,178.0152,0.9991000294685364
LKDS-00245,-78.192,15.984,178.0152,0.9991000294685364
LKDS-00245,-66.204,39.996,274.017,0.9988999962806702
LKDS-00245,-102.204,-7.992,274.017,0.9986000061035156
LKDS-00245,-30.204,28.008,129.996,0.9692999720573424
LKDS-00248,110.908,15.984,241.7592,1.0
LKDS-00248,-81.116,15.984,133.7599,1.0
LKDS-00248,98.884,15.984,241.7592,1.0
LKDS-00248,98.884,15.984,229.7368,1.0
LKDS-00248,110.908,15.984,229.7368,1.0
LKDS-00248,98.884,3.996,85.757,0.9998999834060668
LKDS-00248,-33.092,28.008,49.7476,0.9952999949455258
LKDS-00248,-69.092,-43.992,181.7628,0.9926999807357788
LKDS-00248,122.896,-43.992,241.7592,0.9923999905586244
LKDS-00248,-33.092,28.008,229.7368,0.9846000075340272
LKDS-00251,43.3494,-84.1474,1829.4912,0.9998999834060668
LKDS-00251,-76.6554,-144.1314,1781.504,0.9861999750137328
LKDS-00251,91.3734,-120.1378,1781.504,0.9781000018119812
LKDS-00252,83.9082,7.4987,119.749,1.0
LKDS-00252,71.9183,7.4987,119.749,1.0
LKDS-00252,-72.0808,19.4886,59.743,0.9965999722480774
LKDS-00258,-92.015,215.01,-174.7885,0.9997000098228456
LKDS-00258,-56.0,178.995,-126.792,0.9993000030517578
LKDS-00258,-19.985,203.005,-90.802,0.9991999864578248
LKDS-00258,-31.99,191.0,-198.8015,0.994700014591217
LKDS-00258,87.99,178.995,-174.7885,0.9821000099182128
LKDS-00258,75.985,143.015,-126.792,0.9731000065803528
LKDS-00258,-43.995,107.0,-198.8015,0.9645000100135804
LKDS-00259,-80.6,8.0,102.5084,0.9998999834060668
LKDS-00259,87.4,56.0,102.5084,0.9994999766349792
LKDS-00259,-56.6,56.0,162.502,0.9853000044822692
LKDS-00259,-68.6,-52.0,126.5102,0.913100004196167
LKDS-00262,-69.703,-96.1918,21.0105,1.0
LKDS-00262,-69.703,-108.1998,21.0105,1.0
LKDS-00262,-69.703,-120.2078,117.0001,0.9969000220298768
LKDS-00262,74.3018,-120.2078,45.0079,0.9932000041007996
LKDS-00262,86.3098,-120.2078,128.9988,0.9804000258445741
LKDS-00265,-71.0,106.0,289.3095,1.0
LKDS-00265,-71.0,118.005,277.2894,1.0
LKDS-00265,-58.995,153.985,157.3047,1.0
LKDS-00265,-46.99,153.985,157.3047,1.0
LKDS-00265,-71.0,106.0,277.2894,1.0
LKDS-00265,-71.0,118.005,289.3095,1.0
LKDS-00265,72.99,142.015,241.2909,0.9729999899864196
LKDS-00265,60.985,153.985,301.2987,0.9660000205039978
LKDS-00266,-88.3,-28.0,163.4872,0.9994000196456908
LKDS-00266,-76.3,44.0,175.4936,0.9991000294685364
LKDS-00266,79.7,44.0,187.5,0.9991000294685364
LKDS-00266,67.7,32.0,127.4936,0.9973999857902528
LKDS-00266,-40.3,44.0,67.4872,0.9886000156402588
LKDS-00271,-102.4625,53.8644,223.9252,0.9998999834060668
LKDS-00271,-78.4595,5.8584,199.914,0.9993000030517578
LKDS-00271,65.5204,5.8584,223.9252,0.998199999332428
LKDS-00274,94.695,-14.673,6.9214,1.0
LKDS-00274,94.695,-2.668,-5.0738,1.0
LKDS-00274,94.695,-2.668,6.9214,1.0
LKDS-00274,-49.295,9.337,-41.09,0.9991000294685364
LKDS-00274,-73.305,33.347,30.9118,0.9966999888420104
LKDS-00274,82.69,33.347,-65.0804,0.9890000224113464
LKDS-00285,-29.0148,54.0148,109.9844,1.0
LKDS-00285,115.0112,18.0184,170.0132,0.9998999834060668
LKDS-00285,115.0112,18.0184,182.0122,0.9998999834060668
LKDS-00285,-53.0124,30.0172,158.0142,0.9998000264167786
LKDS-00285,91.0136,42.016,121.9834,0.9983999729156494
LKDS-00285,67.016,-42.016,134.0162,0.9926000237464904
LKDS-00298,76.4084,-105.1132,163.7875,1.0
LKDS-00298,88.4036,-105.1132,163.7875,1.0
LKDS-00298,76.4084,-105.1132,175.8125,1.0
LKDS-00300,-66.0793,-97.0742,-188.0042,0.9998999834060668
LKDS-00300,-66.0793,-97.0742,-176.0076,0.9998999834060668
LKDS-00300,77.9099,-97.0742,-163.9901,0.9995999932289124
LKDS-00300,-78.0925,-109.0874,-116.0037,0.998199999332428
LKDS-00305,92.377,-134.138,153.0058,0.9997000098228456
LKDS-00305,92.377,-146.126,153.0058,0.9997000098228456
LKDS-00305,-87.628,-158.151,44.9953,0.9991000294685364
LKDS-00305,80.352,-146.126,44.9953,0.9988999962806702
LKDS-00305,-99.653,-122.15,128.9909,0.9986000061035156
LKDS-00305,56.376,-110.125,-14.9854,0.9221000075340272
LKDS-00308,-53.998,66.006,199.2581,0.9998999834060668
LKDS-00308,-53.998,-78.014,163.2396,0.9994999766349792
LKDS-00308,-66.006,18.012,115.2484,0.9994999766349792
LKDS-00308,-53.998,-66.006,163.2396,0.9994999766349792
LKDS-00308,-29.982,6.004,67.2572,0.9991999864578248
LKDS-00308,78.014,18.012,79.255,0.9980999827384948
LKDS-00308,114.0,-6.004,187.2603,0.996999979019165
LKDS-00308,101.992,6.004,127.2462,0.992799997329712
LKDS-00309,94.4939,175.5151,776.5125,1.0
LKDS-00309,94.4939,175.5151,788.514,1.0
LKDS-00309,94.4939,175.5151,764.511,1.0
LKDS-00309,106.5189,175.5151,788.514,1.0
LKDS-00309,106.5189,175.5151,776.5125,1.0
LKDS-00309,-25.5156,211.4939,764.511,0.9997000098228456
LKDS-00309,-85.4963,163.4901,836.4819,0.9997000098228456
LKDS-00309,-61.4944,211.4939,908.4909,0.9994000196456908
LKDS-00309,-97.5213,151.5132,896.4894,0.9987000226974488
LKDS-00309,-25.5156,211.4939,848.4834,0.9980999827384948
LKDS-00309,22.4882,319.4784,932.4939,0.9980000257492064
LKDS-00309,22.4882,331.5034,1028.5059,0.9975000023841858
LKDS-00309,94.4939,319.4784,1028.5059,0.9975000023841858
LKDS-00309,-85.4963,319.4784,1004.5029,0.9973000288009644
LKDS-00309,94.4939,307.5015,800.5155,0.9966999888420104
LKDS-00309,-97.5213,307.5015,848.4834,0.9962000250816344
LKDS-00309,106.5189,187.492,872.4864,0.9851999878883362
LKDS-00313,-70.6508,-151.6436,-192.983,0.9998999834060668
LKDS-00313,109.3348,-163.6496,-204.9936,0.9940999746322632
LKDS-00313,85.3228,-139.6724,-265.0093,0.99099999666214
LKDS-00316,-73.005,191.0,950.49,0.9991999864578248
LKDS-00316,107.0,178.995,974.49,0.9990000128746032
LKDS-00316,70.985,191.0,878.49,0.9944999814033508
LKDS-00316,-61.0,178.995,866.49,0.9937999844551086
LKDS-00316,47.01,131.01,842.49,0.9344000220298768
LKDS-00316,-36.99,119.005,950.49,0.9002000093460083
LKDS-00322,-97.8,8.0,473.742,0.9944999814033508
LKDS-00322,70.2,-4.0,473.742,0.9330999851226808
LKDS-00322,82.2,80.0,245.748,0.9079999923706056
LKDS-00328,-78.005,167.99,1007.59,0.9998999834060668
LKDS-00328,-90.01,167.99,1007.59,0.9998999834060668
LKDS-00328,-53.995,132.01,911.59,0.9997000098228456
LKDS-00328,42.01,192.0,1019.59,0.9994999766349792
LKDS-00328,-66.0,83.99,935.59,0.9993000030517578
LKDS-00328,65.985,179.995,947.59,0.996999979019165
LKDS-00330,-87.6522,-128.641,577.9908,0.9950000047683716
LKDS-00332,96.3702,-146.6378,1689.5162,1.0
LKDS-00332,-71.6586,-110.6474,1737.5122,0.9987000226974488
LKDS-00341,-52.0184,191.9852,26.8,1.0
LKDS-00341,43.9948,204.0008,26.8,1.0
LKDS-00341,-76.0124,83.9936,134.8,0.9998999834060668
LKDS-00341,-100.0064,204.0008,74.8,0.9998000264167786
LKDS-00341,-124.0004,120.0032,194.8,0.9995999932289124
LKDS-00341,-111.9848,191.9852,206.8,0.9994000196456908
LKDS-00341,56.0104,204.0008,110.8,0.9994000196456908
LKDS-00341,56.0104,204.0008,122.8,0.9994000196456908
LKDS-00341,80.0044,191.9852,170.8,0.9990000128746032
LKDS-00341,80.0044,204.0008,182.8,0.9990000128746032
LKDS-00346,37.984,-20.016,116.5105,1.0
LKDS-00346,50.008,-20.016,128.5092,1.0
LKDS-00346,50.008,-20.016,116.5105,1.0
LKDS-00346,-93.992,64.008,188.5027,0.9998999834060668
LKDS-00346,-57.992,28.008,104.5118,0.9987999796867372
LKDS-00346,-82.004,-20.016,140.5079,0.9976999759674072
LKDS-00347,-88.016,149.995,463.7922,0.9998000264167786
LKDS-00347,-76.003,149.995,463.7922,0.9998000264167786
LKDS-00347,-88.016,149.995,451.7876,0.9998000264167786
LKDS-00347,56.017,137.982,379.7911,0.9993000030517578
LKDS-00347,67.989,210.019,451.7876,0.9983000159263612
LKDS-00347,-63.99,198.006,343.8084,0.997099995613098
LKDS-00352,102.99,185.995,768.0932,1.0
LKDS-00352,102.99,198.0,756.098,1.0
LKDS-00352,79.015,210.005,744.1028,1.0
LKDS-00352,102.99,198.0,768.0932,1.0
LKDS-00352,90.985,198.0,744.1028,1.0
LKDS-00352,79.015,198.0,744.1028,1.0
LKDS-00352,102.99,185.995,756.098,1.0
LKDS-00352,79.015,198.0,732.1076,1.0
LKDS-00352,90.985,198.0,732.1076,1.0
LKDS-00352,79.015,210.005,732.1076,1.0
LKDS-00352,90.985,210.005,744.1028,1.0
LKDS-00352,-53.005,161.985,720.0886,0.9998999834060668
LKDS-00355,-83.8898,10.2785,-598.013,1.0
LKDS-00355,-83.8898,10.2785,-585.9912,1.0
LKDS-00355,-95.8731,22.2941,-454.0007,0.9997000098228456
LKDS-00355,48.1203,-37.7193,-550.0089,0.9983999729156494
LKDS-00355,60.1359,22.2941,-477.9889,0.9929999709129332
LKDS-00361,-113.1595,-127.1305,212.0068,1.0
LKDS-00361,-113.1595,-127.1305,199.9885,1.0
LKDS-00361,-41.145,-127.1305,80.0092,0.9984999895095824
LKDS-00361,102.8475,-139.139,199.9885,0.997099995613098
LKDS-00361,90.839,-139.139,127.9951,0.9943000078201294
LKDS-00362,-78.19,9.49,224.7468,0.9995999932289124
LKDS-00362,-78.19,-38.5125,176.7595,0.9988999962806702
LKDS-00362,-66.1975,33.5075,176.7595,0.9986000061035156
LKDS-00362,65.785,9.49,128.7411,0.9957000017166138
LKDS-00362,65.785,-2.5025,188.7641,0.9955000281333924
LKDS-00362,65.785,45.5,248.756,0.9926999807357788
LKDS-00366,79.196,51.984,94.9976,1.0
LKDS-00366,67.208,51.984,94.9976,1.0
LKDS-00366,-76.792,-7.992,142.9984,0.9994000196456908
LKDS-00366,103.208,3.996,142.9984,0.97979998588562
LKDS-00373,-72.6448,-90.6604,1503.495,1.0
LKDS-00373,-60.6736,-78.6544,1503.495,1.0
LKDS-00373,-72.6448,-78.6544,1503.495,1.0
LKDS-00373,-60.6736,-90.6604,1503.495,1.0
LKDS-00373,-60.6736,-78.6544,1491.4885,1.0
LKDS-00373,-72.6448,-78.6544,1491.4885,1.0
LKDS-00373,-60.6736,-90.6604,1491.4885,1.0
LKDS-00373,-72.6448,-90.6604,1491.4885,1.0
LKDS-00373,-48.6676,-150.6556,1455.4985,0.9994000196456908
LKDS-00373,83.3288,-126.6436,1539.5145,0.996999979019165
LKDS-00377,-79.5001,190.4918,-20.393,1.0
LKDS-00377,-79.5001,142.5065,39.6034,0.9857000112533568
LKDS-00377,76.5104,178.5038,51.5969,0.9707000255584716
LKDS-00382,-58.678,-156.1804,-91.4856,0.9998999834060668
LKDS-00382,-70.6984,-144.1918,-91.4856,0.9998999834060668
LKDS-00382,73.3238,-120.1828,-19.506,0.9987000226974488
LKDS-00382,-70.6984,-204.1984,-31.4872,0.99099999666214
LKDS-00382,-46.6894,-96.1738,28.5112,0.9847999811172484
LKDS-00383,-22.1112,17.9872,71.2484,1.0
LKDS-00383,-22.1112,17.9872,59.2532,1.0
LKDS-00383,-34.0924,17.9872,59.2532,1.0
LKDS-00383,-34.0924,29.9992,71.2484,1.0
LKDS-00383,-34.0924,17.9872,71.2484,1.0
LKDS-00383,-46.1044,17.9872,131.258,0.9991000294685364
LKDS-00383,97.8856,29.9992,155.2484,0.9921000003814696
LKDS-00385,-22.4878,212.4834,840.5876,1.0
LKDS-00385,-22.4878,224.5143,840.5876,1.0
LKDS-00385,-22.4878,224.5143,828.5984,1.0
LKDS-00385,-58.5091,212.4834,828.5984,1.0
LKDS-00385,-22.4878,212.4834,828.5984,1.0
LKDS-00385,-82.4995,176.4978,864.5951,0.9998999834060668
LKDS-00385,85.5047,176.4978,948.6068,0.9991000294685364
LKDS-00385,73.5095,212.4834,888.6026,0.9984999895095824
LKDS-00386,-111.985,166.99,239.214,0.9995999932289124
LKDS-00386,-111.985,178.995,239.214,0.9995999932289124
LKDS-00397,75.985,225.585,464.9,0.9994999766349792
LKDS-00397,-56.0,177.6,392.9,0.9991000294685364
LKDS-00397,87.99,189.605,380.9,0.982200026512146
LKDS-00399,-37.9824,222.0096,417.102,1.0
LKDS-00399,94.0088,150.0144,549.1038,0.9998999834060668
LKDS-00399,94.0088,162.0136,549.1038,0.9998999834060668
LKDS-00399,-73.98,150.0144,489.0972,0.9994999766349792
LKDS-00399,94.0088,186.012,441.111,0.9944999814033508
LKDS-00399,58.0112,210.0104,393.093,0.9850999712944032
LKDS-00399,82.0096,78.0192,489.0972,0.9508000016212464
LKDS-00400,-62.6282,-157.1282,1258.2923,0.9998999834060668
LKDS-00400,-86.6586,-157.1282,1174.2874,0.9990000128746032
LKDS-00400,57.3766,-85.1474,1198.3093,0.9883999824523926
LKDS-00410,75.9015,-168.115,-26.908,1.0
LKDS-00410,-92.1315,-180.123,33.096,1.0
LKDS-00410,-92.1315,-180.123,21.112,1.0
LKDS-00410,-104.1,-180.123,21.112,1.0
LKDS-00410,-104.1,-180.123,33.096,1.0
LKDS-00410,75.9015,-180.123,33.096,0.9994000196456908
LKDS-00410,75.9015,-168.115,33.096,0.9994000196456908
LKDS-00410,51.8855,-108.1145,57.092,0.996999979019165
LKDS-00414,61.485,195.5,193.7909,1.0
LKDS-00414,61.485,195.5,205.811,1.0
LKDS-00414,49.4925,207.4925,193.7909,1.0
LKDS-00414,61.485,207.4925,193.7909,1.0
LKDS-00414,61.485,207.4925,205.811,1.0
LKDS-00414,49.4925,207.4925,205.811,1.0
LKDS-00414,-58.505,135.505,145.8032,0.9998000264167786
LKDS-00414,-82.49,207.4925,205.811,0.9962999820709229
LKDS-00417,-39.3966,47.0042,183.5056,1.0
LKDS-00417,-39.3966,47.0042,171.5008,1.0
LKDS-00417,68.5988,23.0096,255.4978,0.963800013065338
LKDS-00417,-75.4082,-25.019,183.5056,0.9484000205993652
LKDS-00422,49.3177,46.509,178.2564,1.0
LKDS-00422,49.3177,22.5003,286.2652,0.9997000098228456
LKDS-00422,-94.6926,-1.5084,214.2488,0.9994000196456908
LKDS-00422,-106.7179,-49.4839,262.2492,0.9994000196456908
LKDS-00422,25.309,-25.5171,190.2644,0.9973999857902528
LKDS-00435,-98.0,182.005,-515.1884,1.0
LKDS-00435,-98.0,170.0,-515.1884,1.0
LKDS-00435,-98.0,170.0,-503.2036,1.0
LKDS-00435,-110.005,170.0,-503.2036,1.0
LKDS-00435,-98.0,182.005,-503.2036,1.0
LKDS-00435,-110.005,182.005,-515.1884,1.0
LKDS-00435,-110.005,182.005,-503.2036,1.0
LKDS-00435,-110.005,170.0,-515.1884,1.0
LKDS-00435,-98.0,122.015,-467.1924,0.9994999766349792
LKDS-00435,70.0,170.0,-455.2076,0.9991000294685364
LKDS-00435,-134.015,157.995,-419.1964,0.9984999895095824
LKDS-00435,45.99,194.01,-527.2016,0.9980000257492064
LKDS-00435,70.0,98.005,-467.1924,0.9908000230789183
LKDS-00438,32.0,20.0,35.5078,1.0
LKDS-00438,32.0,20.0,23.506,1.0
LKDS-00438,68.0,44.0,95.4927,1.0
LKDS-00438,44.0,20.0,35.5078,1.0
LKDS-00438,-76.0,56.0,83.4909,0.9998999834060668
LKDS-00438,-64.0,-28.0,143.4999,0.9994999766349792
LKDS-00438,-76.0,32.0,155.5017,0.9991000294685364
LKDS-00439,-67.0124,227.9948,793.5047,1.0
LKDS-00439,-67.0124,227.9948,805.5043,1.0
LKDS-00439,-67.0124,216.0164,805.5043,1.0
LKDS-00439,-67.0124,216.0164,793.5047,1.0
LKDS-00441,-56.99,121.005,361.4876,0.9997000098228456
LKDS-00441,87.0,180.995,385.494,0.9997000098228456
LKDS-00441,-93.005,193.0,373.4908,0.9987999796867372
LKDS-00441,-93.005,96.995,421.5036,0.9983999729156494
LKDS-00441,-56.99,217.01,325.5121,0.9979000091552734
LKDS-00441,99.005,156.985,445.51,0.9887999892234802
LKDS-00444,-44.2258,-153.7107,1667.9899,0.9994999766349792
LKDS-00444,-68.219,-105.7243,1691.9868,0.9957000017166138
LKDS-00444,87.7942,-93.7277,1632.0104,0.9868999719619752
LKDS-00444,87.7942,-93.7277,1716.0154,0.9556000232696532
LKDS-00444,51.7757,-93.7277,1559.988,0.9466000199317932
LKDS-00446,55.985,203.005,-32.9992,0.9986000061035156
LKDS-00446,-88.005,154.985,-56.9981,0.9965999722480774
LKDS-00446,-88.005,178.995,38.9975,0.9905999898910522
LKDS-00446,79.995,178.995,38.9975,0.989400029182434
LKDS-00449,-110.1819,42.4859,168.7564,1.0
LKDS-00449,-110.1819,42.4859,156.75,1.0
LKDS-00449,33.8002,6.5188,60.75,0.9995999932289124
LKDS-00449,45.8145,-41.5005,84.7628,0.9987999796867372
LKDS-00449,57.7909,30.5095,180.7628,0.997099995613098
LKDS-00449,-62.2005,-5.4955,60.75,0.9735000133514404
LKDS-00452,-97.6522,-118.641,1721.5047,0.9980000257492064
LKDS-00452,82.3734,-118.641,1721.5047,0.975499987602234
LKDS-00453,-69.1986,19.0134,30.5028,1.0
LKDS-00453,-81.1812,6.993,30.5028,1.0
LKDS-00453,-81.1812,19.0134,30.5028,1.0
LKDS-00453,-81.1812,6.993,18.505,1.0
LKDS-00453,-69.1986,6.993,18.505,1.0
LKDS-00453,-81.1812,19.0134,18.505,1.0
LKDS-00453,-69.1986,19.0134,18.505,1.0
LKDS-00453,-69.1986,6.993,30.5028,1.0
LKDS-00453,86.802,6.993,42.5006,0.9878000020980836
LKDS-00455,70.7,20.0,96.5064,0.9998999834060668
LKDS-00455,70.7,20.0,84.5032,0.9998999834060668
LKDS-00455,-85.3,-28.0,60.4968,0.9997000098228456
LKDS-00458,79.014,53.998,133.5096,1.0
LKDS-00458,-77.014,29.982,73.5068,1.0
LKDS-00458,-77.014,18.012,85.4902,1.0
LKDS-00458,-65.006,18.012,85.4902,1.0
LKDS-00458,-77.014,29.982,85.4902,1.0
LKDS-00458,-65.006,29.982,85.4902,1.0
LKDS-00458,79.014,-18.012,97.5022,1.0
LKDS-00458,79.014,6.004,97.5022,1.0
LKDS-00458,-88.984,66.006,157.505,1.0
LKDS-00458,79.014,-18.012,109.5142,1.0
LKDS-00458,-88.984,53.998,157.505,1.0
LKDS-00458,-100.992,53.998,157.505,1.0
LKDS-00458,-77.014,29.982,157.505,1.0
LKDS-00458,-88.984,66.006,145.493,1.0
LKDS-00458,-100.992,66.006,145.493,1.0
LKDS-00458,-65.006,78.014,109.5142,1.0
LKDS-00458,90.984,53.998,145.493,1.0
LKDS-00458,79.014,53.998,145.493,1.0
LKDS-00458,-88.984,53.998,145.493,1.0
LKDS-00458,-100.992,53.998,145.493,1.0
LKDS-00458,90.984,53.998,133.5096,1.0
LKDS-00458,-65.006,29.982,73.5068,1.0
LKDS-00458,-100.992,66.006,157.505,1.0
LKDS-00458,-77.014,18.012,73.5068,1.0
LKDS-00458,-65.006,18.012,73.5068,1.0
LKDS-00462,-107.485,-23.489,107.478,1.0
LKDS-00462,-107.485,-35.4825,107.478,1.0
LKDS-00462,-107.485,-35.4825,95.5236,1.0
LKDS-00462,36.52,36.52,-12.4762,0.9998999834060668
LKDS-00462,-83.498,24.485,35.5172,0.9998999834060668
LKDS-00462,84.494,36.52,71.4976,0.9983999729156494
LKDS-00462,60.507,60.507,119.491,0.9980000257492064
LKDS-00462,-71.5045,84.494,155.4714,0.9417999982833862
LKDS-00489,-88.01,215.01,383.9026,1.0
LKDS-00489,-76.005,215.01,383.9026,1.0
LKDS-00489,-76.005,203.005,383.9026,1.0
LKDS-00489,-88.01,203.005,383.9026,1.0
LKDS-00489,79.99,154.985,323.9167,0.9997000098228456
LKDS-00489,104.0,154.985,419.9152,0.9990000128746032
LKDS-00489,67.985,215.01,431.8843,0.9986000061035156
LKDS-00490,-82.005,131.01,-446.8868,1.0
LKDS-00490,-94.01,131.01,-446.8868,1.0
LKDS-00490,-82.005,119.005,-446.8868,1.0
LKDS-00490,-82.005,119.005,-434.8878,1.0
LKDS-00490,-82.005,131.01,-434.8878,1.0
LKDS-00490,-57.995,191.0,-494.9166,0.9998999834060668
LKDS-00490,-57.995,203.005,-482.8838,0.9998999834060668
LKDS-00490,73.99,166.99,-362.8938,0.9995999932289124
LKDS-00490,98.0,178.995,-410.8898,0.9988999962806702
LKDS-00490,-70.0,119.005,-350.8948,0.9977999925613404
LKDS-00490,-82.005,166.99,-374.8928,0.997099995613098
LKDS-00490,61.985,119.005,-386.8918,0.9968000054359436
LKDS-00490,98.0,131.01,-314.8978,0.9966999888420104
LKDS-00495,116.8039,-170.7039,-8.9964,0.998199999332428
LKDS-00495,-63.1759,-122.6944,-44.9888,0.9952999949455258
LKDS-00495,-51.1815,-158.6776,14.9896,0.9879999756813048
LKDS-00495,-27.1927,-206.6871,3.01,0.9763000011444092
LKDS-00498,-82.005,128.985,1035.6074,0.9998000264167786
LKDS-00498,-45.99,201.015,1119.6116,0.9991999864578248
LKDS-00500,35.0,68.0,107.2617,0.9998000264167786
LKDS-00500,-97.0,20.0,107.2617,0.997099995613098
LKDS-00500,59.0,8.0,95.2426,0.9922000169754028
LKDS-00502,-98.9924,151.008,756.9002,1.0
LKDS-00502,-39.0028,174.9814,684.9032,1.0
LKDS-00502,-98.9924,163.0134,756.9002,1.0
LKDS-00502,81.0138,174.9814,684.9032,0.9998000264167786
LKDS-00502,44.9976,186.9868,648.9047,0.9998000264167786
LKDS-00502,69.0084,102.9864,684.9032,0.9763000011444092
LKDS-00510,-61.851,80.196,-452.5055,0.9919000267982484
LKDS-00510,94.149,-3.804,-464.4935,0.991699993610382
LKDS-00516,-85.015,-3.01,129.992,1.0
LKDS-00516,-85.015,-3.01,117.986,1.0
LKDS-00516,-96.985,-3.01,129.992,1.0
LKDS-00516,106.995,45.01,154.004,0.9998999834060668
LKDS-00516,106.995,45.01,141.998,0.9998999834060668
LKDS-00516,-96.985,-63.0,214.005,0.9843999743461608
LKDS-00516,59.01,33.005,226.011,0.9811999797821044
LKDS-00516,94.99,-3.01,201.999,0.9763000011444092
LKDS-00516,106.995,-26.985,249.994,0.9692999720573424
LKDS-00518,98.9888,184.014,1022.5945,1.0
LKDS-00518,98.9888,184.014,1010.5975,1.0
LKDS-00518,-32.9976,184.014,866.6056,0.9987000226974488
LKDS-00518,-68.9972,159.99,950.6125,0.9965000152587892
LKDS-00518,51.0136,195.9896,950.6125,0.9932000041007996
LKDS-00518,-68.9972,208.0016,1010.5975,0.9768999814987184
LKDS-00523,-79.6516,-166.6572,1725.4984,0.995199978351593
LKDS-00526,88.8557,-134.635,110.2086,1.0
LKDS-00526,88.8557,-122.6517,98.1966,1.0
LKDS-00526,88.8557,-134.635,98.1966,1.0
LKDS-00526,-79.1331,-98.648,134.2053,1.0
LKDS-00526,-103.1368,-146.6554,98.1966,0.9998999834060668
LKDS-00526,52.8687,-134.635,182.1987,0.9997000098228456
LKDS-00535,73.985,165.995,41.712,0.9804000258445741
LKDS-00535,-70.005,190.005,53.6832,0.9463000297546388
LKDS-00535,-58.0,130.015,77.6944,0.9444000124931335
LKDS-00536,80.985,200.015,558.09,1.0
LKDS-00536,-63.005,200.015,570.09,1.0
LKDS-00536,92.99,127.985,642.09,0.9995999932289124
LKDS-00536,117.0,139.99,666.09,0.9995999932289124
LKDS-00536,-51.0,200.015,642.09,0.9994000196456908
LKDS-00536,-26.99,200.015,702.09,0.9987999796867372
LKDS-00543,63.8624,-95.1148,788.7024,0.9997000098228456
LKDS-00543,63.8624,-71.1376,944.7044,0.9997000098228456
LKDS-00543,99.8659,-95.1148,920.7112,0.9997000098228456
LKDS-00543,-68.1253,-107.1411,884.706,0.998199999332428
LKDS-00543,-80.1139,-167.1218,872.694,0.9973999857902528
LKDS-00547,57.015,45.01,72.5008,0.9991999864578248
LKDS-00547,-50.995,57.015,96.499,0.9988999962806702
LKDS-00547,-75.005,57.015,240.4882,0.9986000061035156
LKDS-00547,-87.01,-3.01,180.5068,0.9983000159263612
LKDS-00547,92.995,21.0,168.4936,0.9954000115394592
LKDS-00547,45.01,33.005,228.5032,0.9879000186920166
LKDS-00548,95.3034,-139.1888,1510.9986,0.9998999834060668
LKDS-00548,83.3082,-127.1936,1451.0116,0.9878000020980836
LKDS-00548,-72.6906,-127.1936,1438.9873,0.9775999784469604
LKDS-00551,69.0125,104.5125,143.0032,1.0
LKDS-00551,81.0125,92.5125,130.9936,1.0
LKDS-00551,-62.9875,68.5125,107.0032,1.0
LKDS-00551,-50.9875,68.5125,107.0032,1.0
LKDS-00551,81.0125,104.5125,143.0032,1.0
LKDS-00551,-74.9875,-3.4875,119.0128,1.0
LKDS-00551,-62.9875,56.5125,119.0128,1.0
LKDS-00551,-62.9875,68.5125,119.0128,1.0
LKDS-00551,-50.9875,68.5125,119.0128,1.0
LKDS-00551,81.0125,92.5125,119.0128,1.0
LKDS-00551,69.0125,92.5125,130.9936,1.0
LKDS-00551,-62.9875,56.5125,107.0032,1.0
LKDS-00551,69.0125,104.5125,130.9936,1.0
LKDS-00551,81.0125,104.5125,130.9936,1.0
LKDS-00551,81.0125,92.5125,143.0032,1.0
LKDS-00551,69.0125,92.5125,143.0032,1.0
LKDS-00551,105.0125,44.5125,107.0032,0.9983999729156494
LKDS-00551,-74.9875,92.5125,191.0128,0.9983000159263612
LKDS-00559,-99.1953,-0.5049,-28.7508,1.0
LKDS-00559,44.7903,59.4891,-40.7512,0.9997000098228456
LKDS-00559,80.7867,11.4939,-28.7508,0.9976999759674072
LKDS-00561,-76.9216,150.0804,473.8915,1.0
LKDS-00561,-88.9204,150.0804,473.8915,1.0
LKDS-00561,91.102,162.1196,533.8865,0.9998999834060668
LKDS-00561,91.102,162.1196,521.8875,0.9998999834060668
LKDS-00561,91.102,198.116,581.8825,0.9976999759674072
LKDS-00561,55.1056,222.1136,521.8875,0.9969000220298768
LKDS-00561,-52.924,126.0828,425.8955,0.9922000169754028
LKDS-00561,-76.9216,234.1124,569.8835,0.9889000058174132
LKDS-00564,53.998,29.982,123.0008,1.0
LKDS-00564,53.998,18.012,123.0008,1.0
LKDS-00564,53.998,29.982,111.0038,1.0
LKDS-00564,41.99,29.982,111.0038,1.0
LKDS-00564,53.998,18.012,111.0038,1.0
LKDS-00564,-78.014,-18.012,158.9918,0.9998000264167786
LKDS-00564,-53.998,18.012,207.0056,0.9973000288009644
LKDS-00568,-77.9868,252.0116,-371.7055,1.0
LKDS-00568,-77.9868,240.001,-371.7055,1.0
LKDS-00568,-66.0084,240.001,-371.7055,1.0
LKDS-00568,-77.9868,240.001,-383.6905,1.0
LKDS-00568,-66.0084,240.001,-383.6905,1.0
LKDS-00568,30.012,216.012,-443.7095,0.9994999766349792
LKDS-00568,-77.9868,168.0018,-395.699,0.9991000294685364
LKDS-00568,54.001,191.9908,-395.699,0.9873999953269958
LKDS-00568,30.012,204.0014,-347.6885,0.9855999946594238
LKDS-00569,-111.1778,8.797,-423.9872,0.9998999834060668
LKDS-00569,-75.1943,8.797,-471.9872,0.9962999820709229
LKDS-00569,92.7883,20.8213,-447.9872,0.942300021648407
LKDS-00576,-109.165,139.615,-18.9715,1.0
LKDS-00576,-109.165,139.615,-30.973,1.0
LKDS-00576,-109.165,175.595,53.0375,0.9998999834060668
LKDS-00576,70.84,175.595,-6.97,0.9965000152587892
LKDS-00580,56.8462,-128.1666,1387.5128,0.9998999834060668
LKDS-00580,80.8185,-116.1634,1507.4914,0.9603000283241272
LKDS-00581,126.836,146.0832,173.4092,0.9998999834060668
LKDS-00581,126.836,134.0662,173.4092,0.9998999834060668
LKDS-00581,138.853,134.0662,173.4092,0.9998999834060668
LKDS-00581,-53.1432,134.0662,161.4086,0.9968000054359436
LKDS-00581,-53.1432,182.0554,101.4056,0.9951000213623048
LKDS-00581,-41.1656,110.0716,77.4044,0.9588999748229979
LKDS-00583,-29.5848,-131.5792,-260.9968,1.0
LKDS-00583,-17.6008,-131.5792,-260.9968,1.0
LKDS-00583,-65.5796,-227.5796,-116.9984,0.9979000091552734
LKDS-00583,114.4372,-155.59,-165.01,0.9973999857902528
LKDS-00583,78.3996,-95.5844,-188.9976,0.9253000020980836
LKDS-00599,-74.013,218.015,968.987,1.0
LKDS-00599,-86.001,146.013,980.993,0.9998000264167786
LKDS-00599,-97.989,146.013,992.999,0.9998000264167786
LKDS-00599,69.991,158.001,945.004,0.9958000183105468
LKDS-00604,-94.989,187.002,145.4053,0.9998000264167786
LKDS-00604,-94.989,187.002,157.4005,0.9998000264167786
LKDS-00604,-107.014,175.014,229.4074,0.9848999977111816
LKDS-00604,72.991,187.002,217.4122,0.975499987602234
LKDS-00604,-119.002,151.001,301.4143,0.9728999733924866
LKDS-00606,-91.5091,185.814,-8.996,0.9998999834060668
LKDS-00606,88.4935,185.814,74.989,0.9994999766349792
LKDS-00610,39.8633,-130.1615,-390.295,0.9998999834060668
LKDS-00610,-92.141,-130.1615,-330.3002,0.9998999834060668
LKDS-00610,-104.1316,-142.1521,-270.3054,0.9993000030517578
LKDS-00610,75.8351,-106.1444,-318.3114,0.9979000091552734
LKDS-00613,83.318,-124.662,502.016,0.9133999943733216
LKDS-00626,92.883,-121.6011,101.99,1.0
LKDS-00626,92.883,-109.6146,101.99,1.0
LKDS-00626,-51.1122,-85.6023,101.99,0.9998999834060668
LKDS-00626,-51.1122,-97.6281,101.99,0.9998999834060668
LKDS-00626,-99.0975,-157.5999,65.99,0.9995999932289124
LKDS-00631,64.985,227.015,-223.7096,1.0
LKDS-00631,53.015,227.015,-223.7096,1.0
LKDS-00631,53.015,227.015,-235.7108,1.0
LKDS-00631,41.01,227.015,-235.7108,1.0
LKDS-00631,53.015,215.01,-235.7108,1.0
LKDS-00631,53.015,227.015,-247.712,1.0
LKDS-00631,53.015,215.01,-223.7096,1.0
LKDS-00631,64.985,227.015,-235.7108,1.0
LKDS-00631,-79.005,166.99,-319.69,0.9998000264167786
LKDS-00631,-54.995,203.005,-283.6864,0.993399977684021
LKDS-00631,-30.985,191.0,-211.7084,0.972000002861023
LKDS-00633,-71.9832,168.015,940.0125,0.9998999834060668
LKDS-00633,83.993,144.0156,940.0125,0.9997000098228456
LKDS-00633,-84.0028,179.9948,999.9894,0.9995999932289124
LKDS-00633,-132.0016,179.9948,1059.9972,0.9961000084877014
LKDS-00633,72.0132,216.0138,1023.9987,0.9905999898910522
LKDS-00635,-72.5881,-2.4991,109.9966,0.9998999834060668
LKDS-00635,59.4166,69.4899,61.9978,0.9998999834060668
LKDS-00635,95.4111,21.4848,98.0168,0.9955000281333924
LKDS-00642,90.501,188.7101,454.81,0.9922999739646912
LKDS-00642,54.5043,128.7059,574.81,0.9922999739646912
LKDS-00642,-53.4858,200.6993,454.81,0.9868999719619752
LKDS-00655,80.696,15.984,39.4925,1.0
LKDS-00655,80.696,3.996,39.4925,1.0
LKDS-00655,92.684,15.984,39.4925,1.0
LKDS-00655,80.696,15.984,51.51,1.0
LKDS-00655,92.684,3.996,39.4925,1.0
LKDS-00655,92.684,15.984,51.51,1.0
LKDS-00655,-75.292,15.984,75.49,0.9994999766349792
LKDS-00655,92.684,-20.016,171.4925,0.9873999953269958
LKDS-00659,-64.0,185.0,772.511,0.9994000196456908
LKDS-00659,79.99,185.0,772.511,0.9639999866485596
LKDS-00659,56.015,185.0,832.4954,0.9089000225067142
LKDS-00665,96.417,15.006,344.7267,0.9994999766349792
LKDS-00665,96.417,15.006,332.7553,0.9994999766349792
LKDS-00665,-59.588,15.006,332.7553,0.9991999864578248
LKDS-00665,48.406,27.019,260.7257,0.9984999895095824
LKDS-00665,84.404,-69.003,344.7267,0.994700014591217
LKDS-00665,96.417,63.017,416.7563,0.9908000230789183
LKDS-00665,-23.59,27.019,416.7563,0.9807000160217284
LKDS-00665,0.395,38.991,332.7553,0.9516000151634216
LKDS-00669,71.3702,-123.641,1668.9875,0.9998999834060668
LKDS-00669,-84.625,-99.6474,1621.0,0.9866999983787536
LKDS-00669,-48.6346,-171.6282,1621.0,0.9656999707221984
LKDS-00689,-64.0,116.01,427.6,0.9998000264167786
LKDS-00689,-64.0,176.0,379.5888,0.9998000264167786
LKDS-00689,79.99,176.0,415.612,0.9995999932289124
LKDS-00705,60.8585,-94.15,-159.5025,1.0
LKDS-00705,60.8585,-94.15,-147.51,1.0
LKDS-00705,60.8585,-106.1585,-147.51,1.0
LKDS-00705,-83.134,-130.139,-207.495,0.9976000189781188
LKDS-00705,-83.134,-106.1585,-159.5025,0.9976000189781188
LKDS-00705,72.867,-118.1305,-207.495,0.996399998664856
LKDS-00712,-51.6282,-125.6442,1584.0124,0.9998000264167786
LKDS-00712,-75.6586,-101.6506,1631.9918,0.9965000152587892
LKDS-00712,68.3766,-77.657,1656.0116,0.9932000041007996
LKDS-00712,-75.6586,-77.657,1703.991,0.9696999788284302
LKDS-00713,-103.5157,113.5098,-296.5036,0.9998999834060668
LKDS-00713,-91.5063,185.4856,-404.5121,0.9998999834060668
LKDS-00713,88.5138,113.5098,-356.4896,0.9998999834060668
LKDS-00713,-91.5063,161.5071,-368.4868,0.9998999834060668
LKDS-00713,88.5138,113.5098,-368.4868,0.9998999834060668
LKDS-00713,-91.5063,113.5098,-296.5036,0.9998999834060668
LKDS-00713,112.4923,173.5165,-356.4896,0.9994999766349792
LKDS-00713,64.495,221.5138,-296.5036,0.9994000196456908
LKDS-00713,-67.4875,221.5138,-260.512,0.9990000128746032
LKDS-00713,112.4923,137.4883,-272.5092,0.9988999962806702
LKDS-00713,-31.4996,65.5125,-296.5036,0.9984999895095824
LKDS-00713,40.5165,77.4816,-356.4896,0.9976000189781188
LKDS-00713,-43.509,113.5098,-404.5121,0.9922000169754028
LKDS-00719,-57.1275,-135.135,-306.5025,1.0
LKDS-00719,-57.1275,-135.135,-282.5165,1.0
LKDS-00719,-69.1395,-123.123,-282.5165,1.0
LKDS-00719,-69.1395,-111.111,-210.4915,1.0
LKDS-00719,-57.1275,-99.1375,-234.511,1.0
LKDS-00719,-45.1155,-123.123,-282.5165,1.0
LKDS-00719,-57.1275,-147.1085,-306.5025,1.0
LKDS-00719,-69.1395,-111.111,-198.4985,1.0
LKDS-00719,-45.1155,-147.1085,-234.511,1.0
LKDS-00719,-69.1395,-123.123,-270.49,1.0
LKDS-00719,-57.1275,-135.135,-294.5095,1.0
LKDS-00719,-57.1275,-147.1085,-294.5095,1.0
LKDS-00719,-57.1275,-123.123,-306.5025,1.0
LKDS-00719,110.8865,-159.1205,-282.5165,0.9998999834060668
LKDS-00719,-21.13,-195.118,-258.497,0.9998999834060668
LKDS-00719,62.877,-99.1375,-222.4845,0.9998000264167786
LKDS-00721,49.01,178.995,-354.4832,0.9997000098228456
LKDS-00721,-71.005,143.015,-402.5056,0.9997000098228456
LKDS-00721,61.015,154.985,-474.5048,0.9965999722480774
LKDS-00721,61.015,94.995,-414.5112,0.9847000241279602
LKDS-00721,-59.0,203.005,-318.5008,0.9765999913215636
LKDS-00721,-22.985,166.99,-342.512,0.9502000212669371
LKDS-00726,-71.9986,147.1818,709.9872,0.9998999834060668
LKDS-00726,108.005,171.1848,746.004,0.9844999909400941
LKDS-00736,56.3462,-124.1474,1581.9912,0.9998000264167786
LKDS-00736,-63.6586,-148.141,1629.9891,0.9879999756813048
LKDS-00738,-83.005,130.01,728.8864,1.0
LKDS-00738,-83.005,142.015,728.8864,1.0
LKDS-00738,-58.995,202.005,608.8966,0.9998999834060668
LKDS-00738,37.01,118.005,668.8915,0.9990000128746032
LKDS-00738,72.99,190.0,728.8864,0.9984999895095824
LKDS-00738,-83.005,177.995,668.8915,0.9973000288009644
LKDS-00738,-46.99,202.005,764.9026,0.993499994277954
LKDS-00738,72.99,118.005,776.908,0.9915000200271606
LKDS-00741,84.9888,176.0068,582.8068,1.0
LKDS-00741,84.9888,176.0068,570.7988,1.0
LKDS-00741,73.0104,163.9912,570.7988,1.0
LKDS-00741,84.9888,163.9912,570.7988,1.0
LKDS-00741,84.9888,200.0008,510.7904,0.996999979019165
LKDS-00741,-94.9848,152.0128,570.7988,0.996399998664856
LKDS-00741,-83.0064,212.0164,510.7904,0.9958000183105468
LKDS-00743,-91.4875,166.5125,911.997,0.9995999932289124
LKDS-00743,64.5125,166.5125,923.994,0.9991999864578248
LKDS-00743,-67.4875,190.5125,864.009,0.9878000020980836
LKDS-00743,52.5125,214.5125,996.007,0.982699990272522
LKDS-00743,28.5125,202.5125,840.015,0.9613999724388124
LKDS-00749,-83.01,143.015,610.0848,0.9995999932289124
LKDS-00749,84.99,143.015,550.1008,0.9972000122070312
LKDS-00749,61.015,203.005,478.0874,0.9962000250816344
LKDS-00749,96.995,166.99,646.1078,0.9932000041007996
LKDS-00749,-34.99,191.0,466.0906,0.9110999703407288
LKDS-00751,-98.6824,-137.1816,225.008,1.0
LKDS-00751,-86.6776,-137.1816,225.008,1.0
LKDS-00751,-98.6824,-125.1768,225.008,1.0
LKDS-00751,-86.6776,-137.1816,212.996,1.0
LKDS-00751,-86.6776,-125.1768,225.008,1.0
LKDS-00751,-86.6776,-125.1768,212.996,1.0
LKDS-00751,-74.6728,-197.1728,212.996,0.9998999834060668
LKDS-00751,81.324,-113.172,285.002,0.9991000294685364
LKDS-00751,81.324,-113.172,153.002,0.9868999719619752
LKDS-00753,-53.304,75.996,137.5064,1.0
LKDS-00753,-29.292,75.996,53.4872,1.0
LKDS-00753,-17.304,75.996,53.4872,1.0
LKDS-00753,-53.304,64.008,137.5064,1.0
LKDS-00753,-65.292,64.008,137.5064,1.0
LKDS-00753,-29.292,75.996,65.4936,1.0
LKDS-00753,-17.304,75.996,65.4936,1.0
LKDS-00753,90.696,28.008,185.5064,0.9987000226974488
LKDS-00753,-53.304,28.008,77.5,0.9961000084877014
LKDS-00753,102.684,28.008,125.5,0.9936000108718872
LKDS-00753,90.696,-43.992,149.4872,0.9276999831199646
LKDS-00754,33.996,15.984,71.237,0.9995999932289124
LKDS-00754,69.996,39.996,143.246,0.9993000030517578
LKDS-00754,-74.004,28.008,131.258,0.9987000226974488
LKDS-00754,-85.992,28.008,191.252,0.9977999925613404
LKDS-00765,-81.592,51.984,132.5099,1.0
LKDS-00765,-69.604,51.984,144.5034,1.0
LKDS-00765,-69.604,51.984,120.4875,1.0
LKDS-00765,-69.604,51.984,132.5099,1.0
LKDS-00765,86.384,28.008,108.494,0.9997000098228456
LKDS-00765,-93.616,15.984,204.4998,0.9980000257492064
LKDS-00770,88.995,246.01,479.6,1.0
LKDS-00770,64.985,246.01,455.5944,1.0
LKDS-00770,88.995,234.005,491.588,1.0
LKDS-00770,64.985,234.005,455.5944,1.0
LKDS-00770,88.995,246.01,491.588,1.0
LKDS-00770,88.995,234.005,479.6,1.0
LKDS-00770,-67.0,162.01,503.6056,0.9991999864578248
LKDS-00770,-91.01,222.0,527.6112,0.9941999912261964
LKDS-00770,76.99,162.01,443.6064,0.9819999933242798
LKDS-00770,-54.995,222.0,443.6064,0.9167000055313108
LKDS-00779,93.995,171.985,572.3912,0.9998999834060668
LKDS-00779,-86.01,183.99,512.4072,0.9998000264167786
LKDS-00779,-49.995,208.0,452.3906,0.9998000264167786
LKDS-00779,-74.005,136.005,584.388,0.996399998664856
LKDS-00786,-67.0,129.985,225.8076,1.0
LKDS-00786,-67.0,141.99,213.7944,1.0
LKDS-00786,-67.0,129.985,213.7944,1.0
LKDS-00786,-67.0,141.99,225.8076,1.0
LKDS-00786,88.995,153.995,213.7944,0.9983999729156494
LKDS-00787,-74.292,28.008,217.9975,1.0
LKDS-00787,-74.292,15.984,217.9975,1.0
LKDS-00787,-74.292,15.984,229.9965,1.0
LKDS-00787,-74.292,28.008,229.9965,1.0
LKDS-00787,93.684,28.008,217.9975,0.9986000061035156
LKDS-00787,81.696,75.996,241.9955,0.9886000156402588
LKDS-00787,105.708,-56.016,217.9975,0.9341999888420104
LKDS-00792,77.6095,41.4834,276.7756,1.0
LKDS-00792,77.6095,29.4882,264.7744,1.0
LKDS-00792,77.6095,41.4834,264.7744,1.0
LKDS-00792,53.5834,65.5095,288.7768,1.0
LKDS-00792,-78.3995,29.4882,192.7672,0.9998000264167786
LKDS-00792,-78.3995,17.493,192.7672,0.9998000264167786
LKDS-00792,-78.3995,29.4882,264.7744,0.9997000098228456
LKDS-00792,-78.3995,29.4882,252.7732,0.9997000098228456
LKDS-00792,-42.4139,5.4978,132.7612,0.9986000061035156
LKDS-00792,101.5999,-90.4995,204.7684,0.9969000220298768
LKDS-00792,65.6143,-54.5139,336.7268,0.9947999715805054
LKDS-00792,41.5882,65.5095,192.7672,0.976199984550476
LKDS-00792,41.5882,17.493,96.7576,0.9553999900817872
LKDS-00794,57.0006,185.0006,895.4057,1.0
LKDS-00794,57.0006,197.0182,895.4057,1.0
LKDS-00794,44.983,185.0006,895.4057,1.0
LKDS-00794,44.983,197.0182,895.4057,1.0
LKDS-00794,80.9952,161.006,991.3972,0.9995999932289124
LKDS-00794,-74.99,113.0168,955.3876,0.9962000250816344
LKDS-00800,94.0182,195.983,722.3012,1.0
LKDS-00800,94.0182,195.983,734.2845,1.0
LKDS-00800,-98.0198,147.9938,770.3086,1.0
LKDS-00800,58.006,136.0168,734.2845,0.9998999834060668
LKDS-00800,94.0182,100.0046,758.2882,0.9997000098228456
LKDS-00800,58.006,195.983,866.2863,0.9872999787330629
LKDS-00800,-38.013,76.01,854.303,0.9180999994277954
LKDS-00802,-45.6472,-177.646,-207.6059,0.9980000257492064
LKDS-00802,26.3564,-105.6424,-243.5878,0.9975000023841858
LKDS-00802,-69.6484,-117.643,-147.6128,0.9879999756813048
LKDS-00802,74.3588,-129.6436,-171.5891,0.9611999988555908
LKDS-00802,74.3588,-141.6442,-111.596,0.9178000092506408
LKDS-00810,-32.004,75.996,95.505,0.9998000264167786
LKDS-00810,-68.004,-7.992,95.505,0.9771000146865844
LKDS-00810,-56.016,39.996,59.505,0.9534000158309937
LKDS-00810,-92.016,-56.016,143.4975,0.9351999759674072
LKDS-00812,92.995,188.16,763.8,1.0
LKDS-00812,92.995,188.16,751.8,1.0
LKDS-00812,92.995,200.165,751.8,1.0
LKDS-00812,80.99,200.165,763.8,1.0
LKDS-00812,92.995,200.165,763.8,1.0
LKDS-00812,-75.005,212.135,679.8,0.9997000098228456
LKDS-00812,-63.0,140.14,703.8,0.9991000294685364
LKDS-00812,-75.005,212.135,751.8,0.9991000294685364
LKDS-00818,-78.5688,-138.052,225.7945,0.9998999834060668
LKDS-00818,-66.5808,-126.064,285.7863,0.9998999834060668
LKDS-00818,-90.5568,-198.0808,261.8338,0.9994999766349792
LKDS-00818,65.4204,-186.0484,189.8289,0.9244999885559082
LKDS-00818,-198.582,5.9372,129.7634,0.9212999939918518
LKDS-00822,-82.9904,182.9808,332.4944,0.9994999766349792
LKDS-00822,-82.9904,182.9808,392.4936,0.9994000196456908
LKDS-00822,-47.0064,182.9808,248.4896,0.9961000084877014
LKDS-00822,1.0,315.0192,368.488,0.9959999918937684
LKDS-00822,84.9904,315.0192,272.4952,0.9955999851226808
LKDS-00822,-82.9904,315.0192,260.5072,0.9954000115394592
LKDS-00822,84.9904,327.0,440.5048,0.9943000078201294
LKDS-00840,56.9852,225.99,793.112,1.0
LKDS-00840,68.99,213.9852,793.112,1.0
LKDS-00840,56.9852,213.9852,781.11,1.0
LKDS-00840,-123.0136,141.993,793.112,1.0
LKDS-00840,-134.9818,141.993,793.112,1.0
LKDS-00840,-123.0136,141.993,781.11,1.0
LKDS-00840,56.9852,213.9852,793.112,1.0
LKDS-00840,21.0074,202.017,637.086,0.9998999834060668
LKDS-00840,68.99,166.0026,721.1,0.9998999834060668
LKDS-00840,68.99,141.993,709.098,0.9998999834060668
LKDS-00840,-111.0088,166.0026,661.09,0.9998000264167786
LKDS-00840,-123.0136,141.993,685.094,0.9998000264167786
LKDS-00840,-123.0136,141.993,721.1,0.9998000264167786
LKDS-00840,-123.0136,129.9882,697.096,0.9998000264167786
LKDS-00840,-123.0136,129.9882,685.094,0.9998000264167786
LKDS-00840,-111.0088,166.0026,649.088,0.9998000264167786
LKDS-00840,-62.9896,153.9978,829.084,0.9965999722480774
LKDS-00842,75.99,177.995,357.7172,0.9998000264167786
LKDS-00842,75.99,177.995,345.7126,0.9998000264167786
LKDS-00842,-55.995,190.0,489.6906,0.9995999932289124
LKDS-00842,-68.0,214.01,417.7016,0.9987999796867372
LKDS-00842,87.995,165.99,453.7154,0.9987999796867372
LKDS-00842,-92.01,165.99,393.6924,0.9984999895095824
LKDS-00842,112.005,190.0,501.6952,0.996999979019165
LKDS-00842,-68.0,202.005,321.7034,0.9794999957084656
LKDS-00849,-82.6914,-122.1876,-56.994,1.0
LKDS-00849,-94.6882,-110.1908,-56.994,1.0
LKDS-00849,-82.6914,-110.1908,-56.994,1.0
LKDS-00849,49.306,-98.194,-68.9988,0.9995999932289124
LKDS-00854,-92.3905,-9.513,93.2388,1.0
LKDS-00854,-56.386,-45.486,165.2436,0.996399998664856
LKDS-00854,75.599,2.4885,105.234,0.993399977684021
LKDS-00854,75.599,38.493,225.2532,0.920199990272522
LKDS-00871,-79.7034,-113.7118,1469.493,1.0
LKDS-00871,-79.7034,-101.6998,1469.493,1.0
LKDS-00871,-79.7034,-113.7118,1481.4975,1.0
LKDS-00871,-79.7034,-101.6998,1481.4975,1.0
LKDS-00871,64.2866,-149.6862,1577.507,0.9878000020980836
LKDS-00871,-79.7034,-161.6982,1541.4935,0.982699990272522
LKDS-00872,-52.0,56.0,138.5016,0.9998999834060668
LKDS-00872,-64.0,20.0,66.5046,0.9872000217437744
LKDS-00874,-89.1068,-125.1029,-21.0064,0.9952999949455258
LKDS-00883,64.8318,-103.1767,63.0902,1.0
LKDS-00883,52.8233,-115.1852,51.1068,1.0
LKDS-00883,64.8318,-115.1852,63.0902,1.0
LKDS-00883,52.8233,-103.1767,63.0902,1.0
LKDS-00883,64.8318,-103.1767,51.1068,1.0
LKDS-00883,52.8233,-115.1852,63.0902,1.0
LKDS-00883,64.8318,-115.1852,51.1068,1.0
LKDS-00883,52.8233,-103.1767,51.1068,1.0
LKDS-00883,-91.18,-127.1937,111.1096,0.9994000196456908
LKDS-00883,-79.1715,-187.1704,111.1096,0.9994000196456908
LKDS-00883,76.8074,-139.1693,159.1004,0.9987000226974488
LKDS-00883,-55.1874,-79.1926,219.1032,0.9919999837875366
LKDS-00895,-91.7088,15.9936,106.0039,1.0
LKDS-00895,-91.7088,-19.992,130.0031,1.0
LKDS-00895,-91.7088,-31.9872,130.0031,1.0
LKDS-00895,-91.7088,-31.9872,142.0027,1.0
LKDS-00895,-91.7088,-19.992,142.0027,1.0
LKDS-00895,64.3104,39.984,94.0043,0.9995999932289124
LKDS-00895,-55.6824,15.9936,46.0059,0.9994999766349792
LKDS-00903,52.01,172.795,384.2,1.0
LKDS-00903,52.01,160.79,384.2,1.0
LKDS-00903,87.99,184.8,480.2,0.9998999834060668
LKDS-00903,-56.0,172.795,420.2,0.9991999864578248
LKDS-00907,-75.6554,-124.641,1266.9986,0.9994000196456908
LKDS-00907,80.3766,-148.6346,1278.9934,0.9986000061035156
LKDS-00907,92.3734,-136.6378,1387.0094,0.9980000257492064
LKDS-00907,-75.6554,-112.6442,1350.9936,0.9941999912261964
LKDS-00909,-64.495,209.5104,-425.7968,0.9998000264167786
LKDS-00909,-64.495,161.508,-377.8016,0.9994999766349792
LKDS-00909,-76.4956,125.5062,-425.7968,0.9993000030517578
LKDS-00909,67.5116,161.508,-401.7992,0.9987000226974488
LKDS-00909,79.5122,185.5092,-353.804,0.9975000023841858
LKDS-00910,-91.9838,166.0126,933.5122,0.9995999932289124
LKDS-00910,51.9868,226.009,873.5005,0.9987999796867372
LKDS-00910,51.9868,226.009,885.4957,0.9987999796867372
LKDS-00910,-31.9874,201.9966,1017.5143,0.9972000122070312
LKDS-00910,51.9868,201.9966,993.4882,0.9779000282287598
LKDS-00916,-92.872,165.7144,-54.3114,1.0
LKDS-00916,-44.8944,177.7088,-78.2926,1.0
LKDS-00916,75.1248,177.7088,-42.3208,0.9994999766349792
LKDS-00916,-80.8776,105.7048,17.704,0.9991000294685364
LKDS-00916,51.0984,237.7184,-30.2943,0.994599997997284
LKDS-00916,-56.8888,201.6976,65.7023,0.9907000064849854
LKDS-00916,63.1304,237.7184,53.6758,0.9904000163078308
LKDS-00920,-64.484,67.5108,64.766,1.0
LKDS-00920,-64.484,55.5023,64.766,1.0
LKDS-00920,-64.484,67.5108,52.7276,1.0
LKDS-00920,-64.484,55.5023,52.7276,1.0
LKDS-00922,78.8325,-147.6425,-28.9947,1.0
LKDS-00922,78.8325,-135.6718,-41.0003,1.0
LKDS-00922,78.8325,-147.6425,-41.0003,1.0
LKDS-00922,78.8325,-135.6718,-28.9947,1.0
LKDS-00922,-65.1649,-111.6606,-41.0003,0.994599997997284
LKDS-00922,-65.1649,-183.6593,30.9984,0.979099988937378
LKDS-00922,78.8325,-111.6606,78.9859,0.9506999850273132
LKDS-00925,-49.5005,224.5002,461.5844,1.0
LKDS-00925,46.5002,152.4902,437.6121,0.9998999834060668
LKDS-00925,-85.5055,200.5095,533.6036,0.9991999864578248
LKDS-00925,70.4909,212.4859,557.61,0.9990000128746032
LKDS-00925,-73.4912,176.5188,485.5908,0.9986000061035156
LKDS-00925,-97.4819,140.5138,533.6036,0.9957000017166138
LKDS-00927,-34.99,203.005,-363.11,0.9994000196456908
LKDS-00927,-34.99,178.995,-483.11,0.9846000075340272
LKDS-00927,61.015,191.0,-399.11,0.9750999808311462
LKDS-00927,84.99,166.99,-447.11,0.9666000008583068
LKDS-00927,84.99,178.995,-351.11,0.9358000159263612
LKDS-00934,-51.505,172.515,352.6849,1.0
LKDS-00934,-51.505,172.515,340.7023,1.0
LKDS-00934,-63.4975,172.515,352.6849,1.0
LKDS-00934,68.485,172.515,364.6992,0.9998000264167786
LKDS-00934,-75.49,172.515,436.6899,0.9955999851226808
LKDS-00938,73.99,177.99,382.4064,0.9998999834060668
LKDS-00938,-70.0,202.0,442.4056,0.9993000030517578
LKDS-00938,-33.985,189.995,346.4128,0.998199999332428
LKDS-00938,73.99,189.995,454.3936,0.9977999925613404
LKDS-00938,-45.99,238.015,382.4064,0.9940000176429749
LKDS-00940,83.3264,-140.164,101.0006,0.9998999834060668
LKDS-00940,-36.6592,-104.1784,76.9968,0.9997000098228456
LKDS-00940,-84.6736,-128.1688,184.9882,0.9987000226974488
LKDS-00940,-72.6784,-128.1688,113.0025,0.9984999895095824
LKDS-00940,71.3312,-128.1688,196.9901,0.991699993610382
LKDS-00952,-86.112,193.311,487.6885,0.9990000128746032
LKDS-00952,-86.112,145.302,439.6925,0.9984999895095824
LKDS-00952,81.861,169.287,463.6905,0.998199999332428
LKDS-00952,45.864,217.296,571.6815,0.9973000288009644
LKDS-00963,94.8446,-105.6388,4.502,1.0
LKDS-00963,94.8446,-105.6388,16.5029,1.0
LKDS-00963,-61.1435,-141.6305,-67.5034,0.9997000098228456
LKDS-00963,-61.1435,-129.6453,-67.5034,0.9997000098228456
LKDS-00963,-61.1435,-117.6601,-67.5034,0.9997000098228456
LKDS-00963,-73.1648,-117.6601,-7.4989,0.9991999864578248
LKDS-00963,46.8677,-117.6601,52.5056,0.9988999962806702
LKDS-00965,79.995,154.985,600.6912,0.9998999834060668
LKDS-00965,-88.005,191.0,588.7032,0.9994999766349792
LKDS-00965,-76.0,143.015,552.7068,0.9921000003814696
LKDS-00966,-64.204,-20.016,179.749,1.0
LKDS-00966,-64.204,28.008,107.7428,0.9980999827384948
LKDS-00966,91.784,39.996,203.7422,0.9951000213623048
LKDS-00966,79.796,28.008,119.7394,0.9948999881744384
LKDS-00967,71.015,198.01,662.4883,0.9987000226974488
LKDS-00967,-73.01,198.01,614.4886,0.9763000011444092
LKDS-00967,-61.005,137.985,638.5085,0.9627000093460084
LKDS-00967,94.99,174.0,554.499,0.9470000267028807
LKDS-00967,94.99,137.985,614.4886,0.942900002002716
LKDS-00967,-49.0,161.995,506.4993,0.9362999796867372
LKDS-00974,-41.9966,204.9872,766.59,1.0
LKDS-00974,78.0158,193.0096,862.602,0.9976000189781188
LKDS-00974,-78.0082,180.9926,850.587,0.9972000122070312
LKDS-00975,56.0,-4.0,32.9904,1.0
LKDS-00975,68.0,-4.0,32.9904,1.0
LKDS-00975,-76.0,44.0,44.9936,0.9646999835968018
LKDS-00975,-76.0,-16.0,93.0064,0.9379000067710876
LKDS-00975,56.0,56.0,-14.9976,0.9229999780654908
LKDS-00977,-77.6232,-123.6224,-325.4,0.9998000264167786
LKDS-00977,54.3668,-63.6162,-265.395,0.9997000098228456
LKDS-00977,-65.6062,-99.6278,-217.4075,0.9958000183105468
LKDS-00980,-88.7965,6.4965,97.4856,0.9994999766349792
LKDS-00980,67.1905,42.4935,121.516,0.9993000030517578
LKDS-00980,55.1915,18.4955,61.4952,0.9936000108718872
LKDS-00986,-63.474,202.1153,-34.9047,1.0
LKDS-00986,-63.474,202.1153,-22.9103,1.0
LKDS-00986,80.516,154.0953,-46.8991,0.9779000282287598
LKDS-00992,60.983,190.9884,328.3984,1.0
LKDS-00992,60.983,203.006,328.3984,1.0
LKDS-00992,-47.013,227.0006,400.4068,0.9998999834060668
LKDS-00992,96.9952,166.9938,412.4128,0.967199981212616
LKDS-00992,49.006,214.983,460.4092,0.9090999960899352
